City_ID,City,Country,Lat,Lng,Max Temp,Humidity,Cloudiness,Wind Speed,Current Description
0,Anshun,CN,26.25,105.9333,40.14,74,100,6.85,overcast clouds
1,Sidi Ali,DZ,36.0998,0.4206,61.57,81,67,25.5,broken clouds
2,Nikolskoye,RU,59.7035,30.7861,19.29,87,100,11.52,overcast clouds
3,Ukiah,US,39.1502,-123.2078,48.36,83,100,5.75,overcast clouds
4,Port Alfred,ZA,-33.5906,26.891,71.19,90,98,8.01,overcast clouds
5,Barrow,US,71.2906,-156.7887,6.82,78,0,25.32,clear sky
6,Filingue,NE,14.3521,3.3168,74.08,12,96,10.13,overcast clouds
7,Salta,AR,-24.7859,-65.4117,90.19,33,40,6.91,scattered clouds
8,Fort Nelson,CA,58.8053,-122.7002,2.95,66,20,3.0,few clouds
9,Mataura,NZ,-46.1927,168.8643,63.48,60,85,1.74,overcast clouds
10,Carnarvon,AU,-24.8667,113.6333,70.3,77,0,16.89,clear sky
11,Umm Kaddadah,SD,13.6017,26.6876,63.64,21,0,11.52,clear sky
12,San Cristobal,VE,7.7669,-72.225,69.98,80,70,2.28,broken clouds
13,Thompson,CA,55.7435,-97.8558,26.76,100,100,4.61,overcast clouds
14,Bethel,US,41.3712,-73.414,33.89,85,100,5.99,snow
15,Ust-Kulom,RU,61.6864,53.6902,1.85,99,93,2.53,overcast clouds
16,Port Elizabeth,ZA,-33.918,25.5701,73.09,95,20,19.57,few clouds
17,Saint-Joseph,RE,-21.3667,55.6167,75.58,83,69,12.77,broken clouds
18,Cape Town,ZA,-33.9258,18.4232,72.12,90,75,14.0,light rain
19,Muisne,EC,0.6,-80.0333,75.34,81,94,9.6,overcast clouds
20,Mildura,AU,-34.2,142.15,56.07,73,4,23.85,clear sky
21,Ponta Do Sol,PT,32.6667,-17.1,73.71,88,76,7.78,broken clouds
22,Iqaluit,CA,63.7506,-68.5145,-0.31,77,20,5.75,few clouds
23,New Norfolk,AU,-42.7826,147.0587,56.91,90,98,1.99,overcast clouds
24,Puerto Ayora,EC,-0.7393,-90.3518,80.56,90,52,5.99,broken clouds
25,Georgetown,MY,5.4112,100.3354,78.73,87,20,0.0,few clouds
26,Terryville,US,40.909,-73.0651,41.47,86,100,11.01,moderate rain
27,Grindavik,IS,63.8424,-22.4338,30.67,69,0,6.91,clear sky
28,Esso,RU,55.9333,158.7,-0.06,99,100,4.32,overcast clouds
29,Sibolga,ID,1.7427,98.7792,73.62,94,100,1.7,overcast clouds
30,Vaini,TO,-21.2,-175.2,77.16,94,75,13.8,light rain
31,Bredasdorp,ZA,-34.5322,20.0403,69.31,94,100,17.27,overcast clouds
32,Punta Arenas,CL,-53.15,-70.9167,50.11,66,0,9.22,light rain
33,Castro,BR,-24.7911,-50.0119,68.23,92,75,4.23,broken clouds
34,Santa Cruz Cabralia,BR,-16.2781,-39.0247,79.03,83,0,13.8,clear sky
35,Albany,US,42.6001,-73.9662,31.68,90,100,4.76,snow
36,Port Hardy,CA,50.6996,-127.4199,42.98,75,40,6.91,scattered clouds
37,Bluff,NZ,-46.6,168.3333,63.81,79,68,4.85,broken clouds
38,Jamestown,US,42.097,-79.2353,35.71,72,100,11.5,light snow
39,Ushuaia,AR,-54.8,-68.3,49.66,71,75,16.11,broken clouds
40,Tautira,PF,-17.7333,-149.15,77.74,78,100,12.8,light rain
41,Churapcha,RU,62.0025,132.4325,-47.24,100,100,5.06,overcast clouds
42,Hobart,AU,-42.8794,147.3294,57.25,96,75,8.05,broken clouds
43,Buala,SB,-8.145,159.5921,83.1,73,94,3.83,light rain
44,Rikitea,PF,-23.1203,-134.9692,76.69,77,19,18.77,few clouds
45,Udachnyy,RU,66.4167,112.4,-10.55,83,100,13.27,overcast clouds
46,Yar-Sale,RU,66.8333,70.8333,-19.73,99,45,8.23,scattered clouds
47,East London,ZA,-33.0153,27.9116,71.67,89,100,21.03,light rain
48,Busselton,AU,-33.65,115.3333,53.89,67,0,13.15,clear sky
49,Rafraf,TN,37.1904,10.1837,57.52,69,100,6.29,overcast clouds
50,Plymouth,US,41.8334,-70.8328,36.72,83,100,8.05,overcast clouds
51,Kapaa,US,22.0752,-159.319,77.09,82,100,12.66,light rain
52,Longyearbyen,SJ,78.2186,15.6401,15.64,53,75,19.57,broken clouds
53,Hirara,JP,24.8,125.2833,70.07,73,75,19.57,broken clouds
54,Kazanskoye,RU,55.6448,69.235,12.16,89,100,8.52,overcast clouds
55,Shalya,RU,57.2471,58.7298,19.27,93,100,13.47,light snow
56,Khash,IR,28.2211,61.2158,42.49,64,76,5.64,broken clouds
57,Sola,VU,-13.8833,167.55,81.27,83,75,0.0,broken clouds
58,Yellowknife,CA,62.456,-114.3525,-10.68,84,100,3.44,light snow
59,Torbay,CA,47.6666,-52.7314,30.76,94,100,14.0,light snow
60,Arraial Do Cabo,BR,-22.9661,-42.0278,80.56,78,0,8.05,clear sky
61,Hilo,US,19.7297,-155.09,80.11,68,0,5.75,clear sky
62,Manzanillo,CU,20.3433,-77.1167,81.73,56,35,8.16,scattered clouds
63,Saint George,US,37.1041,-113.5841,54.19,43,100,5.99,overcast clouds
64,Cabo San Lucas,MX,22.8909,-109.9124,80.62,68,12,5.01,few clouds
65,Sabha,LY,27.0377,14.4283,66.13,41,0,7.7,clear sky
66,Limbang,MY,4.75,115.0,75.31,98,100,1.41,overcast clouds
67,Huarmey,PE,-10.0681,-78.1522,70.41,80,92,7.74,overcast clouds
68,Upernavik,GL,72.7868,-56.1549,7.54,92,38,16.75,scattered clouds
69,Butaritari,KI,3.0707,172.7902,80.62,73,35,10.94,scattered clouds
70,Faanui,PF,-16.4833,-151.75,77.95,77,100,18.81,moderate rain
71,Bama,NG,11.5221,13.6856,70.86,24,0,6.35,clear sky
72,Kodiak,US,57.79,-152.4072,36.91,100,100,0.0,light rain
73,Jinxiang,CN,27.4327,120.6062,50.45,73,100,8.28,overcast clouds
74,Tiznit,MA,29.5833,-9.5,63.46,69,0,1.48,clear sky
75,Ambovombe,MG,-25.1667,46.0833,74.17,85,70,9.55,broken clouds
76,Zhanaozen,KZ,43.3,52.8,21.72,46,0,13.62,clear sky
77,Inhambane,MZ,-23.865,35.3833,77.52,87,11,8.84,few clouds
78,Devonport,AU,-41.1667,146.35,60.01,85,96,10.54,overcast clouds
79,Khatanga,RU,71.9667,102.5,-1.14,95,100,16.44,overcast clouds
80,Port Hedland,AU,-20.3167,118.5667,86.05,26,69,8.05,broken clouds
81,Isangel,VU,-19.55,169.2667,84.31,79,40,4.61,scattered clouds
82,Kahului,US,20.8947,-156.47,80.96,64,0,23.02,clear sky
83,Tiksi,RU,71.6872,128.8694,-19.16,95,100,11.61,overcast clouds
84,Bengkulu,ID,-3.8004,102.2655,74.44,86,98,6.2,overcast clouds
85,Geraldton,AU,-28.7667,114.6,68.41,30,0,12.66,clear sky
86,Nanortalik,GL,60.1432,-45.2371,23.92,80,71,5.7,broken clouds
87,Tasiilaq,GL,65.6145,-37.6368,24.96,53,2,4.32,clear sky
88,Visnes,NO,59.3556,5.2242,32.22,59,0,11.5,clear sky
89,Kawalu,ID,-7.3817,108.2082,70.88,93,69,1.54,broken clouds
90,Hithadhoo,MV,-0.6,73.0833,81.66,76,100,15.55,overcast clouds
91,Tuktoyaktuk,CA,69.4541,-133.0374,-18.4,76,20,9.22,few clouds
92,Hovd,MN,48.0056,91.6419,-0.42,70,91,4.94,overcast clouds
93,Honningsvag,NO,70.9821,25.9704,20.95,86,20,20.71,few clouds
94,Zhigansk,RU,66.7697,123.3711,-26.91,97,100,10.18,overcast clouds
95,Pisco,PE,-13.7,-76.2167,73.45,68,0,16.11,clear sky
96,Avarua,CK,-21.2078,-159.775,77.05,65,75,12.66,broken clouds
97,Bahir Dar,ET,11.5936,37.3908,63.36,72,94,1.59,light rain
98,Atuona,PF,-9.8,-139.0333,78.13,78,14,19.04,few clouds
99,Santa Cruz,BO,-17.8,-63.1667,80.65,74,75,11.5,broken clouds
100,Makueni,KE,-1.8041,37.6203,62.29,94,95,1.61,overcast clouds
101,Hambantota,LK,6.1241,81.1185,73.74,100,20,2.3,few clouds
102,Ballina,AU,-28.8667,153.5667,76.78,81,55,13.53,broken clouds
103,Gamboma,CG,-1.8764,15.8644,74.62,77,91,1.52,overcast clouds
104,Angoche,MZ,-16.2325,39.9086,79.14,82,100,3.18,overcast clouds
105,Yeniseysk,RU,58.4497,92.1703,-34.42,100,36,0.92,scattered clouds
106,Nome,US,64.5011,-165.4064,26.67,93,75,6.91,broken clouds
107,Sitka,US,57.0531,-135.33,30.09,69,40,0.0,scattered clouds
108,Mnogovershinnyy,RU,53.9353,139.9242,-10.32,80,14,5.77,few clouds
109,Richards Bay,ZA,-28.783,32.0377,72.25,92,100,3.67,light rain
110,Rockhampton,AU,-23.3833,150.5,78.69,78,29,6.91,scattered clouds
111,Fengzhen,CN,40.4394,113.1536,12.16,38,0,23.06,clear sky
112,Betsiamites,CA,48.9413,-68.646,14.4,58,6,6.58,clear sky
113,Hukuntsi,BW,-24.0,21.75,73.18,59,82,13.09,light rain
114,Port Lincoln,AU,-34.7333,135.8667,58.53,54,12,21.12,few clouds
115,Bambous Virieux,MU,-20.3428,57.7575,76.21,83,75,6.91,broken clouds
116,Nagato,JP,34.3833,131.2,45.32,68,37,11.68,scattered clouds
117,Haines Junction,CA,60.7522,-137.5108,-16.65,76,100,0.0,overcast clouds
118,Kedrovyy,RU,56.1667,91.8167,-23.39,100,48,2.82,scattered clouds
119,Jumla,NP,29.2747,82.1838,39.58,18,3,5.57,clear sky
120,Victoria,HK,22.2855,114.1577,62.26,75,100,11.99,overcast clouds
121,Makamba,BI,-4.1348,29.804,62.53,89,100,2.62,overcast clouds
122,Hasaki,JP,35.7333,140.8333,45.21,54,100,23.09,overcast clouds
123,Mezen,RU,65.8522,44.24,-7.67,100,79,2.15,broken clouds
124,Srednekolymsk,RU,67.45,153.6833,-43.87,99,64,7.27,broken clouds
125,Luderitz,NA,-26.6481,15.1594,64.02,92,11,2.24,few clouds
126,Namatanai,PG,-3.6667,152.4333,81.59,77,52,5.77,light rain
127,Piacabucu,BR,-10.4056,-36.4344,78.17,82,96,9.8,overcast clouds
128,Namibe,AO,-15.1961,12.1522,68.32,79,33,5.21,scattered clouds
129,Honiara,SB,-9.4333,159.95,82.71,72,75,1.99,broken clouds
130,Salinopolis,BR,-0.6136,-47.3561,79.88,78,80,10.78,broken clouds
131,Codrington,AU,-38.2667,141.9667,54.95,77,44,18.07,scattered clouds
132,Chokurdakh,RU,70.6333,147.9167,-23.8,100,97,7.11,overcast clouds
133,Athabasca,CA,54.7169,-113.2854,5.41,88,97,10.89,overcast clouds
134,Point Pedro,LK,9.8167,80.2333,75.94,91,72,13.94,broken clouds
135,Conceicao Do Araguaia,BR,-8.2578,-49.2647,76.59,87,100,3.74,overcast clouds
136,Marion,US,39.7684,-86.1555,43.21,73,100,5.75,overcast clouds
137,Carutapera,BR,-1.195,-46.02,78.75,81,66,6.76,broken clouds
138,San Policarpo,PH,12.1791,125.5072,76.35,90,100,3.76,overcast clouds
139,Nusaybin,TR,37.0778,41.2178,51.01,56,100,3.18,overcast clouds
140,Caborca,MX,30.5838,-111.101,70.03,14,76,13.47,broken clouds
141,Bathsheba,BB,13.2167,-59.5167,79.41,77,40,6.91,scattered clouds
142,Saint-Pierre,RE,-21.3393,55.4781,76.68,78,40,16.11,scattered clouds
143,Vetlanda,SE,57.4289,15.0776,15.66,97,73,5.66,broken clouds
144,Desaguadero,PE,-16.5656,-69.0417,51.12,69,96,11.3,overcast clouds
145,Pevek,RU,69.7008,170.3133,-11.78,98,100,18.54,light snow
146,Vila Velha,BR,-20.3297,-40.2925,79.95,89,0,4.61,clear sky
147,Saint-Philippe,RE,-21.3585,55.7679,76.59,85,74,12.59,light rain
148,Lumeje,AO,-11.55,20.7833,65.19,94,100,7.18,overcast clouds
149,Hermanus,ZA,-34.4187,19.2345,71.8,92,100,15.99,light rain
150,Takaka,NZ,-40.85,172.8,66.56,56,0,4.81,clear sky
151,Tarakan,ID,3.3,117.6333,79.11,78,100,1.23,moderate rain
152,Kavieng,PG,-2.5744,150.7967,82.85,75,25,8.81,light rain
153,Qaanaaq,GL,77.484,-69.3632,-13.32,70,0,10.65,clear sky
154,Saskylakh,RU,71.9167,114.0833,-5.69,94,100,13.04,overcast clouds
155,Berlevag,NO,70.8578,29.0864,19.4,62,0,18.41,clear sky
156,Eydhafushi,MV,5.1033,73.0708,80.55,80,92,19.1,overcast clouds
157,Vila,PT,42.0304,-8.1588,41.7,94,93,4.68,overcast clouds
158,Xai-Xai,MZ,-25.0519,33.6442,76.68,87,74,10.42,light rain
159,Chuy,UY,-33.6971,-53.4616,81.63,53,0,10.42,clear sky
160,Mahebourg,MU,-20.4081,57.7,76.24,83,75,6.91,broken clouds
161,Benghazi,LY,32.1167,20.0667,66.27,71,65,9.42,broken clouds
162,Nha Trang,VN,12.25,109.1833,73.4,90,91,7.0,overcast clouds
163,Dresden,DE,51.0509,13.7383,30.99,92,75,5.75,light snow
164,La Palma,US,33.8464,-118.0467,60.91,64,75,17.27,broken clouds
165,Carpentras,FR,44.0833,5.1667,29.03,58,4,4.0,clear sky
166,Lagunas,PE,-5.2269,-75.6753,83.7,65,99,4.5,overcast clouds
167,Mar Del Plata,AR,-38.0023,-57.5575,77.02,65,20,9.22,few clouds
168,Thunder Bay,CA,48.4001,-89.3168,26.58,68,20,3.44,few clouds
169,Banda Aceh,ID,5.5577,95.3222,76.91,81,100,7.96,overcast clouds
170,Mahasamund,IN,21.1,82.1,66.72,54,16,2.13,few clouds
171,Khasan,RU,42.4308,130.6434,27.18,91,100,2.73,light snow
172,Wajima,JP,37.4,136.9,44.19,63,89,7.43,overcast clouds
173,Talnakh,RU,69.4865,88.3972,-20.87,99,100,10.8,light snow
174,Mogadishu,SO,2.0371,45.3438,79.0,76,6,16.13,clear sky
175,Nago,JP,26.5881,127.9761,65.25,73,46,14.72,scattered clouds
176,Delhi,IN,28.6667,77.2167,57.29,77,0,3.44,mist
177,Waipawa,NZ,-41.4122,175.5153,67.33,55,0,5.53,clear sky
178,Meulaboh,ID,4.1363,96.1285,74.21,91,100,2.35,light rain
179,Kencong,ID,-8.2833,113.3667,75.27,90,83,1.95,broken clouds
180,La Rioja,ES,42.25,-2.5,31.78,99,100,1.39,overcast clouds
181,Pital,CO,2.2665,-75.8044,75.47,73,66,5.57,broken clouds
182,Atambua,ID,-9.1061,124.8925,75.04,81,100,1.57,overcast clouds
183,Mufumbwe,ZM,-13.6833,24.8,64.17,98,100,2.62,overcast clouds
184,Ruteng,ID,-8.6136,120.4721,62.6,91,76,1.21,broken clouds
185,Bitung,ID,1.4451,125.1824,76.05,83,89,5.1,overcast clouds
186,Nelson Bay,AU,-32.7167,152.15,78.1,72,100,7.0,light rain
187,Aksu,CN,41.1231,80.2644,23.11,58,7,1.52,clear sky
188,Tanout,NE,14.9709,8.8879,67.59,17,72,11.74,broken clouds
189,Provideniya,RU,64.3833,-173.3,19.51,79,100,20.13,snow
190,Saint-Francois,FR,46.4154,3.9054,24.24,93,92,5.75,overcast clouds
191,Clyde River,CA,70.4692,-68.5914,-3.77,84,0,2.3,clear sky
192,Narsaq,GL,60.9167,-46.05,30.42,65,23,9.69,few clouds
193,Cidreira,BR,-30.1811,-50.2056,74.16,89,2,14.0,clear sky
194,Huilong,CN,31.8111,121.655,44.78,74,98,9.84,overcast clouds
195,Bani,DO,18.2833,-70.3333,81.84,69,27,12.5,scattered clouds
196,Tazovskiy,RU,67.4667,78.7,-13.22,99,99,8.79,overcast clouds
197,Koumac,NC,-20.5667,164.2833,82.09,68,1,3.53,clear sky
198,Mainburg,DE,48.65,11.7833,27.32,86,100,3.44,light snow
199,Ribeira Grande,PT,38.5167,-28.7,65.77,88,40,23.02,light rain
200,Laguna,US,38.421,-121.4238,55.38,69,0,16.11,clear sky
201,Yulara,AU,-25.2406,130.9889,66.96,42,0,16.22,clear sky
202,Matagami,CA,49.7502,-77.6328,8.71,78,0,4.61,clear sky
203,Sinnamary,GF,5.3833,-52.95,76.75,85,100,6.22,overcast clouds
204,Loiza,PR,18.4313,-65.8802,80.6,70,40,8.05,scattered clouds
205,Katsuura,JP,35.1333,140.3,49.14,62,100,21.09,overcast clouds
206,Coquimbo,CL,-29.9533,-71.3436,69.53,68,0,12.66,clear sky
207,La Reforma,MX,25.0833,-108.05,78.58,32,0,10.89,clear sky
208,Noumea,NC,-22.2763,166.4572,82.38,99,31,11.9,scattered clouds
209,Tabuk,PH,17.4189,121.4443,69.01,88,99,1.81,overcast clouds
210,Wellington,NZ,-41.2866,174.7756,67.91,74,20,17.27,few clouds
211,Yangjiang,CN,21.85,111.9667,52.97,74,73,7.0,broken clouds
212,Los Llanos De Aridane,ES,28.6585,-17.9182,68.13,78,0,10.0,clear sky
213,Valderrama,PH,11.4059,122.0837,73.58,83,100,3.31,overcast clouds
214,Takoradi,GH,4.8845,-1.7554,79.52,82,57,9.53,broken clouds
215,Hobyo,SO,5.3505,48.5268,78.03,68,86,19.35,overcast clouds
216,Kruisfontein,ZA,-34.0033,24.7314,70.88,98,99,6.91,overcast clouds
217,Kiruna,SE,67.8557,20.2251,4.12,92,100,3.44,overcast clouds
218,Yerofey Pavlovich,RU,53.9667,121.9667,-3.26,98,100,3.04,light snow
219,Seoul,KR,37.5683,126.9778,29.64,84,0,3.44,clear sky
220,Onguday,RU,50.75,86.15,5.59,97,100,0.83,overcast clouds
221,Lagoa,PT,39.05,-27.9833,62.4,85,0,35.32,clear sky
222,Benguela,AO,-12.5763,13.4055,76.48,81,87,4.32,overcast clouds
223,Santo Antonio Do Amparo,BR,-20.9464,-44.9189,69.78,82,91,2.15,light rain
224,Westport,US,41.1415,-73.3579,39.74,84,100,11.5,light snow
225,Malakal,SS,9.5334,31.6605,77.79,26,2,5.57,clear sky
226,Santa Maria,BR,-29.6842,-53.8069,92.5,29,0,4.61,clear sky
227,Buenos Aires,AR,-34.6132,-58.3772,96.48,54,40,13.8,scattered clouds
228,Kasungu,MW,-13.0333,33.4833,66.58,84,2,4.63,clear sky
229,Esperance,AU,-33.8667,121.9,57.34,62,5,5.77,clear sky
230,Mandalgovi,MN,45.7625,106.2708,2.84,55,15,18.48,few clouds
231,Rincon,US,32.296,-81.2354,67.96,69,40,4.61,scattered clouds
232,Laharpur,IN,27.7167,80.9,59.95,44,20,7.29,few clouds
233,San Quintin,MX,30.4833,-115.95,62.15,63,74,8.16,broken clouds
234,Kabompo,ZM,-13.5927,24.2008,65.98,95,100,2.59,light rain
235,Constitucion,CL,-35.3333,-72.4167,65.71,60,0,23.02,clear sky
236,Concarneau,FR,47.875,-3.9225,32.79,73,97,3.91,overcast clouds
237,Buin,CL,-33.7333,-70.75,96.42,8,99,9.98,overcast clouds
238,Emerald,AU,-23.5333,148.1667,76.33,81,19,13.76,few clouds
239,Gondar,ET,12.6,37.4667,57.42,57,40,3.62,scattered clouds
240,Ilulissat,GL,69.2167,-51.1,0.21,73,90,5.46,overcast clouds
241,Saldanha,ZA,-33.0117,17.9442,68.05,79,99,11.48,light rain
242,Marquette,US,46.5333,-87.6335,31.03,93,99,3.98,overcast clouds
243,Dasoguz,TM,41.8363,59.9666,10.35,67,0,6.91,clear sky
244,Asau,RO,46.4333,26.4,36.52,95,100,3.51,light rain
245,Thinadhoo,MV,0.5333,72.9333,81.07,78,21,16.44,few clouds
246,Ahipara,NZ,-35.1667,173.1667,68.72,62,97,7.56,overcast clouds
247,Coihaique,CL,-45.5752,-72.0662,57.15,58,75,5.75,light rain
248,Lavrentiya,RU,65.5833,-171.0,10.42,89,26,14.9,scattered clouds
249,Beringovskiy,RU,63.05,179.3167,-1.57,79,16,10.33,few clouds
250,Tessalit,ML,20.1986,1.0114,72.19,16,54,9.04,broken clouds
251,Lardos,GR,36.0942,28.0157,64.22,81,45,21.72,light rain
252,Bemidji,US,47.4736,-94.8803,32.05,83,0,5.75,clear sky
253,Shingu,JP,33.7333,135.9833,42.01,77,0,7.58,clear sky
254,Oranjemund,NA,-28.55,16.4333,66.02,89,46,4.56,scattered clouds
255,Oshakati,NA,-17.7833,15.6833,78.04,18,58,15.99,broken clouds
256,Chara,RU,56.9064,118.2631,-6.56,83,100,6.76,overcast clouds
257,Assiniboia,CA,49.6334,-105.9845,22.82,68,96,5.75,overcast clouds
258,Mana,GF,5.6592,-53.7767,76.55,86,100,7.52,overcast clouds
259,Lazaro Cardenas,MX,17.9583,-102.2,81.36,67,26,8.72,scattered clouds
260,Conroe,US,30.3119,-95.456,69.71,89,100,4.61,overcast clouds
261,Yacuiba,BO,-22.038,-63.6797,82.87,63,100,3.78,overcast clouds
262,Metro,ID,-5.1131,105.3067,76.05,82,100,3.06,overcast clouds
263,Shenjiamen,CN,29.9576,122.298,51.53,72,100,15.7,overcast clouds
264,Tianpeng,CN,30.9866,103.9393,45.07,74,100,3.98,overcast clouds
265,Dubbo,AU,-32.25,148.6167,73.53,46,75,26.46,broken clouds
266,Charters Towers,AU,-20.1,146.2667,80.15,68,17,11.52,few clouds
267,Sterling,US,39.0062,-77.4286,48.18,80,100,0.0,overcast clouds
268,Mitu,CO,1.1983,-70.1733,76.82,88,94,1.52,overcast clouds
269,Jalu,LY,29.0331,21.5482,63.28,73,49,8.01,scattered clouds
270,Xushan,CN,30.1764,121.2457,47.97,78,89,9.06,overcast clouds
271,Nouadhibou,MR,20.931,-17.0347,75.18,60,6,16.11,clear sky
272,Mangotsfield,GB,51.4878,-2.504,35.85,97,100,6.91,fog
273,Kurkino,RU,53.4257,38.6582,35.83,87,100,21.72,overcast clouds
274,Kurilsk,RU,45.2333,147.8833,25.27,65,99,16.02,overcast clouds
275,Kiama,AU,-34.6833,150.8667,80.26,59,100,5.99,overcast clouds
276,Neiafu,TO,-18.65,-173.9833,77.68,94,75,5.75,light rain
277,Kolokani,ML,13.5728,-8.0339,70.63,15,0,8.57,clear sky
278,Salalah,OM,17.0151,54.0924,71.24,46,0,10.07,clear sky
279,Atar,MR,20.5169,-13.0499,79.14,14,42,7.63,scattered clouds
280,Maceio,BR,-9.6658,-35.7353,80.04,83,20,9.22,few clouds
281,Quatre Cocos,MU,-20.2078,57.7625,76.08,76,26,13.94,scattered clouds
282,Cherskiy,RU,68.75,161.3,-30.86,95,100,4.56,overcast clouds
283,Fort Morgan,US,40.2503,-103.8,62.02,14,0,10.36,clear sky
284,Alcudia,ES,39.8532,3.1214,55.2,85,100,4.63,overcast clouds
285,Tarangnan,PH,11.9009,124.7459,75.74,90,100,4.09,overcast clouds
286,Khani,GE,41.9563,42.9566,42.37,54,83,7.56,broken clouds
287,Dikson,RU,73.5069,80.5464,16.77,95,100,13.09,light snow
288,Marienburg,PL,54.0359,19.0266,37.85,74,100,12.37,overcast clouds
289,Kavaratti,IN,10.5669,72.642,81.61,71,96,18.84,overcast clouds
290,Kaitangata,NZ,-46.2817,169.8464,59.31,76,94,4.88,overcast clouds
291,Abu Dhabi,AE,24.4667,54.3667,71.96,56,20,3.44,few clouds
292,Riyadh,SA,24.6877,46.7219,55.54,42,0,7.29,clear sky
293,Byron Bay,AU,-28.65,153.6167,77.7,70,55,16.22,broken clouds
294,Kaeo,NZ,-35.1,173.7833,71.29,66,70,3.62,broken clouds
295,Maidstone,GB,51.2667,0.5167,37.45,76,100,11.86,snow
296,Tabou,CI,4.423,-7.3528,78.82,83,15,8.57,few clouds
297,Jurilovca,RO,44.7667,28.8667,50.09,79,90,14.97,overcast clouds
298,Road Town,VG,18.4167,-64.6167,80.69,73,40,9.22,scattered clouds
299,Okato,NZ,-39.2,173.8833,62.69,67,10,5.08,clear sky
300,Oudtshoorn,ZA,-33.5907,22.2014,66.56,91,100,3.27,overcast clouds
301,Nhulunbuy,AU,-12.2333,136.7667,84.81,74,96,5.75,overcast clouds
302,Moundou,TD,8.5667,16.0833,75.07,26,0,3.98,clear sky
303,Akdepe,TM,42.0551,59.3788,10.49,53,0,8.16,clear sky
304,Tuatapere,NZ,-46.1333,167.6833,65.34,63,23,2.75,few clouds
305,Olafsvik,IS,64.8945,-23.7142,36.63,65,1,6.98,clear sky
306,Otjiwarongo,NA,-20.4637,16.6477,62.15,21,51,8.99,broken clouds
307,Xuanhua,CN,40.6103,115.0447,20.19,30,0,20.47,clear sky
308,Valparaiso,CL,-33.0393,-71.6273,83.84,31,0,20.71,clear sky
309,Antalaha,MG,-14.9003,50.2788,73.36,87,14,6.02,light rain
310,Sao Filipe,CV,14.8961,-24.4956,77.23,77,0,7.16,clear sky
311,Shache,CN,38.4167,77.2406,26.38,47,100,2.35,overcast clouds
312,Rey Bouba,CM,8.6724,14.1786,73.4,24,0,2.13,clear sky
313,Palmer,US,42.1584,-72.3287,29.86,83,100,8.05,snow
314,Nemuro,JP,43.3236,145.575,30.04,59,74,14.72,broken clouds
315,Praya,CV,14.9215,-23.5087,75.27,85,0,14.0,clear sky
316,Oleksandrivka,UA,48.9634,32.2349,52.9,94,100,19.89,light rain
317,Maniitsoq,GL,65.4167,-52.9,19.53,56,1,6.33,clear sky
318,Biskamzha,RU,53.4497,89.5272,-11.0,100,98,2.33,overcast clouds
319,Gornopravdinsk,RU,60.05,69.9,-5.67,92,100,9.44,overcast clouds
320,Dunedin,NZ,-45.8742,170.5036,54.81,93,99,5.99,overcast clouds
321,Norwalk,US,33.9022,-118.0817,60.75,62,100,17.27,overcast clouds
322,Samana,DO,19.2056,-69.3369,80.82,74,20,9.22,few clouds
323,Lasa,IT,46.6166,10.7002,22.69,64,18,5.48,few clouds
324,Berberati,CF,4.2612,15.7922,71.17,40,3,1.05,clear sky
325,Raymondville,US,26.4815,-97.7831,84.31,60,15,13.42,few clouds
326,Gigmoto,PH,13.7796,124.39,78.48,82,99,6.11,overcast clouds
327,Rawson,AR,-43.3002,-65.1023,63.12,47,92,14.61,overcast clouds
328,Bonfim,BR,3.0833,-59.95,87.75,77,85,6.85,light rain
329,Mount Isa,AU,-20.7333,139.5,83.97,42,1,5.75,clear sky
330,Oriximina,BR,-1.7656,-55.8661,83.95,58,100,3.36,overcast clouds
331,Kharp,RU,66.8014,65.8081,-20.87,100,98,1.86,overcast clouds
332,Komsomolskiy,UZ,40.4272,71.7189,27.32,93,75,0.0,fog
333,Chimbote,PE,-9.0853,-78.5783,70.11,78,57,8.14,broken clouds
334,Yarmouth,US,41.7057,-70.2286,39.34,88,100,20.0,light intensity drizzle
335,Tura,IN,25.5198,90.2201,57.4,77,30,3.06,scattered clouds
336,Kloulklubed,PW,7.0419,134.2556,83.44,73,96,7.16,overcast clouds
337,Saint-Augustin,CA,51.226,-58.6502,7.72,78,12,9.17,few clouds
338,Vershino-Darasunskiy,RU,52.35,115.5167,-1.05,56,100,12.59,overcast clouds
339,Bowen,AU,-20.0167,148.2333,82.04,71,15,8.61,few clouds
340,Champerico,GT,14.3,-91.9167,91.94,64,75,5.37,broken clouds
341,Kidal,ML,18.4411,1.4078,71.49,13,100,10.22,overcast clouds
342,Batagay,RU,67.6333,134.6333,-30.78,97,100,3.65,overcast clouds
343,Le Havre,FR,49.4938,0.1077,34.72,80,100,10.36,mist
344,Puerto Escondido,MX,15.85,-97.0667,82.42,64,0,5.59,clear sky
345,Lorengau,PG,-2.0226,147.2712,81.88,80,99,4.47,overcast clouds
346,Tevaitoa,PF,-16.7833,-151.5,78.66,78,100,14.43,moderate rain
347,Lompoc,US,34.6391,-120.4579,57.02,62,20,16.11,few clouds
348,Sakaraha,MG,-22.9,44.5333,77.18,66,46,1.77,scattered clouds
349,Dustlik,UZ,40.5247,68.0358,20.37,90,99,2.57,overcast clouds
350,Shuyskoye,RU,59.3736,41.0305,14.02,88,100,8.59,overcast clouds
351,Magdug,PH,6.5476,126.0951,80.62,77,65,3.06,broken clouds
352,Andros Town,BS,24.7,-77.7667,76.96,69,10,6.44,clear sky
353,Jerome,US,42.7241,-114.5186,40.48,92,100,5.75,overcast clouds
354,Arkhangelskoye,RU,55.8549,35.3287,36.39,100,100,13.44,light rain
355,Samarai,PG,-10.6167,150.6667,83.48,77,100,8.79,overcast clouds
356,Ponazyrevo,RU,58.3578,46.3142,18.86,94,100,5.61,overcast clouds
357,Nizwa,OM,22.9333,57.5333,62.74,65,0,4.7,clear sky
358,Ha Giang,VN,22.8333,104.9833,58.55,97,100,0.76,overcast clouds
359,Verkhnevilyuysk,RU,63.4453,120.3167,-46.07,98,80,4.65,broken clouds
360,Bukama,CD,-9.2,25.85,67.86,96,89,2.51,moderate rain
361,Shimoda,JP,34.6667,138.95,42.1,74,78,15.88,broken clouds
362,Conde,BR,-7.2597,-34.9075,80.06,78,20,9.22,few clouds
363,Suriapet,IN,17.15,79.6167,69.67,96,35,5.06,scattered clouds
364,Nenjiang,CN,49.1833,125.2167,8.6,91,100,8.88,overcast clouds
365,Marivan,IR,35.5219,46.176,38.55,50,5,2.37,clear sky
366,Ati,TD,13.2154,18.3353,72.77,14,0,9.71,clear sky
367,Camapua,BR,-19.5314,-54.0439,75.27,86,87,5.73,overcast clouds
368,Flin Flon,CA,54.7682,-101.865,22.84,93,100,8.05,light snow
369,Chivacoa,VE,10.1603,-68.895,74.23,86,79,5.55,broken clouds
370,Miedzyrzec Podlaski,PL,51.9864,22.7825,24.17,94,100,12.8,overcast clouds
371,Paamiut,GL,61.994,-49.6678,20.21,64,0,9.35,clear sky
372,Kodinsk,RU,58.6881,99.1844,-29.65,99,64,2.93,broken clouds
373,Verkhovyna,UA,48.1557,24.7911,30.85,86,100,3.15,overcast clouds
374,La Ronge,CA,55.1001,-105.2842,16.05,86,75,10.36,light snow
375,Razole,IN,16.4833,81.8333,73.8,95,15,4.18,few clouds
376,Leningradskiy,RU,69.3833,178.4167,0.3,97,100,16.28,light snow
377,Laibin,CN,23.7,109.2667,50.99,50,74,12.53,broken clouds
378,Boguchany,RU,58.3814,97.4531,-28.1,98,55,3.29,broken clouds
379,Dingle,PH,10.9995,122.6711,74.05,92,100,2.08,overcast clouds
380,Soloneshnoye,RU,51.6544,84.3197,13.42,97,100,1.88,snow
381,The Valley,AI,18.217,-63.0578,78.94,69,40,5.75,scattered clouds
382,Kotel,BG,42.8833,26.45,47.75,85,100,7.09,overcast clouds
383,Bonga,ET,7.2833,36.2333,57.97,96,7,1.36,clear sky
384,Aasiaat,GL,68.7098,-52.8699,9.72,86,100,7.45,overcast clouds
385,Aklavik,CA,68.2191,-135.0107,-16.96,95,17,14.09,few clouds
386,Northam,GB,51.0333,-4.2167,36.39,82,94,4.81,overcast clouds
387,Bertoua,CM,4.5833,13.6833,72.07,38,1,0.47,clear sky
388,Ardmore,US,34.1743,-97.1436,49.78,81,100,0.0,overcast clouds
389,Los Andes,CL,-32.8337,-70.5983,91.0,12,100,9.22,overcast clouds
390,Flinders,AU,-34.5833,150.8552,80.06,62,100,8.99,overcast clouds
391,Ancud,CL,-41.8697,-73.8203,56.03,68,91,9.48,overcast clouds
392,Staryy Nadym,RU,65.6118,72.6842,-19.68,99,38,8.16,scattered clouds
393,Eureka,US,40.8021,-124.1637,48.67,88,41,1.01,scattered clouds
394,Plouzane,FR,48.3833,-4.6167,35.78,100,75,6.91,fog
395,Vostok,RU,46.4856,135.8833,-10.05,93,11,4.97,few clouds
396,Havelock,US,34.8791,-76.9013,57.18,83,100,5.75,overcast clouds
397,Mandera,KE,3.9366,41.867,85.66,31,69,8.68,broken clouds
398,Tamandare,BR,-8.7597,-35.1047,78.44,80,10,7.43,clear sky
399,Moyobamba,PE,-6.05,-76.9667,73.18,89,96,0.43,overcast clouds
400,Chenzhou,CN,25.8,113.0333,42.15,65,100,5.01,overcast clouds
401,Key West,US,24.5557,-81.7826,79.0,65,0,5.01,clear sky
402,Svetlogorsk,BY,52.6333,29.7333,36.07,99,100,12.53,overcast clouds
403,Ayan,RU,56.45,138.1667,-0.22,78,8,5.75,clear sky
404,Icatu,BR,-2.7758,-44.0658,84.63,84,33,8.23,scattered clouds
405,Domoni,KM,-12.2569,44.5319,78.71,86,11,6.02,few clouds
406,Vila Franca Do Campo,PT,37.7167,-25.4333,66.2,89,96,23.11,light rain
407,Zhangye,CN,38.9342,100.4517,15.04,57,0,4.94,clear sky
408,Ulaangom,MN,49.9811,92.0667,-5.93,99,100,0.38,overcast clouds
409,Bilibino,RU,68.0546,166.4372,-21.73,99,100,4.59,light snow
410,Alihe,CN,50.5667,123.7167,3.09,94,100,1.74,overcast clouds
411,San Juancito,CO,8.6943,-76.4941,80.17,80,99,5.68,overcast clouds
412,Roald,NO,62.5833,6.1333,25.75,63,0,6.91,clear sky
413,El Dorado,US,38.7666,-120.5177,37.92,97,100,1.01,light snow
414,Makakilo City,US,21.3469,-158.0858,80.01,63,100,21.39,overcast clouds
415,Bulawayo,ZW,-20.15,28.5833,67.48,74,64,8.59,broken clouds
416,Qaqortoq,GL,60.7167,-46.0333,16.3,70,41,8.86,scattered clouds
417,Solnechnyy,RU,50.7214,136.6319,-4.68,93,48,4.52,scattered clouds
418,Merauke,ID,-8.4667,140.3333,80.51,79,100,6.46,overcast clouds
419,Hofn,IS,64.2539,-15.2082,33.39,68,1,19.66,clear sky
420,Otane,NZ,-39.8833,176.6333,69.01,46,100,1.97,overcast clouds
421,Dudinka,RU,69.4058,86.1778,-10.77,98,100,14.88,overcast clouds
422,Prince Rupert,CA,54.3161,-130.3201,35.69,71,0,3.44,clear sky
423,Durango,MX,24.8333,-104.8333,71.11,19,0,6.17,clear sky
424,Souillac,MU,-20.5167,57.5167,75.58,83,75,6.91,broken clouds
425,Tecoanapa,MX,16.5167,-98.75,83.07,62,0,9.44,clear sky
426,Kieta,PG,-6.2167,155.6333,81.82,79,69,2.66,light rain
427,Quelimane,MZ,-17.8786,36.8883,82.35,83,20,4.61,few clouds
428,Baker City,US,44.7749,-117.8344,36.64,95,100,0.0,overcast clouds
429,Hay River,CA,60.8156,-115.7999,-2.22,71,100,3.44,overcast clouds
430,Palmas Bellas,PA,9.2319,-80.0867,86.25,72,60,10.74,broken clouds
431,Marsh Harbour,BS,26.5412,-77.0636,76.05,69,6,2.73,clear sky
432,Kuryk,KZ,43.2,51.65,27.34,45,0,17.87,clear sky
433,Severo-Kurilsk,RU,50.6789,156.125,25.56,64,89,21.85,light snow
434,Tougan,BF,13.0667,-3.0667,73.08,13,6,9.62,clear sky
435,Whittlesea,ZA,-32.1759,26.8244,63.28,92,100,2.75,overcast clouds
436,Joutseno,FI,61.118,28.5076,19.76,86,100,16.78,overcast clouds
437,Bathurst,AU,-33.4166,149.5806,68.83,89,97,7.0,moderate rain
438,Axim,GH,4.8699,-2.2405,79.11,84,91,8.48,overcast clouds
439,Canico,PT,32.6333,-16.85,73.71,83,20,16.11,few clouds
440,Aravissos,GR,40.84,22.2956,58.91,62,57,5.59,broken clouds
441,Harper,LR,4.375,-7.7169,78.64,83,34,8.34,scattered clouds
442,Lebu,CL,-37.6167,-73.65,61.11,74,0,17.81,clear sky
443,Port Macquarie,AU,-31.4333,152.9167,73.89,64,100,10.36,light rain
444,Norman Wells,CA,65.282,-126.8329,-21.96,76,0,8.05,clear sky
445,Minab,IR,27.1467,57.0801,63.97,35,0,11.68,clear sky
446,Gumdag,TM,39.2061,54.5906,29.21,54,0,19.44,clear sky
447,Ziniare,BF,12.5822,-1.2983,71.64,13,76,9.04,broken clouds
448,Wattegama,LK,6.7989,81.4808,70.77,91,97,2.42,overcast clouds
449,Sayat,TM,38.7839,63.8803,19.27,58,98,7.52,overcast clouds
450,Anloga,GH,5.7947,0.8973,81.41,83,23,11.59,few clouds
451,Qasigiannguit,GL,68.8193,-51.1922,3.04,72,99,4.85,overcast clouds
452,Yatou,CN,37.15,122.3833,34.09,68,100,8.61,overcast clouds
453,Bonavista,CA,48.6499,-53.1147,27.82,83,100,18.9,overcast clouds
454,Xam Nua,LA,20.4197,104.0439,53.87,99,100,2.84,overcast clouds
455,Teya,RU,60.3778,92.6267,-23.66,98,71,2.71,broken clouds
456,Goundam,ML,16.4145,-3.6708,73.18,12,0,9.04,clear sky
457,Tshane,BW,-24.0196,21.8684,73.22,58,89,12.24,light rain
458,Grand Gaube,MU,-20.0064,57.6608,76.37,71,8,3.0,clear sky
459,Pangnirtung,CA,66.1451,-65.7125,15.8,73,75,4.61,broken clouds
460,Dongsheng,CN,39.8161,109.9776,9.41,33,0,22.82,clear sky
461,Klaksvik,FO,62.2266,-6.589,34.72,58,99,32.35,light snow
462,Penzance,GB,50.1186,-5.5371,32.68,65,86,9.46,overcast clouds
463,Lata,PT,40.1629,-8.3327,54.91,97,92,3.89,overcast clouds
464,Krasnokamensk,RU,50.0979,118.0369,4.1,97,100,4.12,light snow
465,Ostrovnoy,RU,68.0531,39.5131,15.76,93,99,6.24,overcast clouds
466,Christchurch,NZ,-43.5333,172.6333,68.95,71,100,2.3,overcast clouds
467,Port-Gentil,GA,-0.7193,8.7815,80.56,89,75,5.75,broken clouds
468,Puerto Maldonado,PE,-12.6,-69.1833,82.8,69,75,3.44,light rain
469,Okha,RU,53.5739,142.9478,-5.33,90,6,9.95,clear sky
470,San Jose,US,37.3394,-121.895,55.33,67,75,6.91,broken clouds
471,Ilheus,BR,-14.7889,-39.0494,80.42,89,20,4.61,few clouds
472,Praia Da Vitoria,PT,38.7333,-27.0667,64.76,88,40,32.41,scattered clouds
473,Blois,FR,47.5833,1.3333,30.58,68,26,3.96,scattered clouds
474,Padang,ID,-0.9492,100.3543,75.0,89,100,3.18,overcast clouds
475,Saint Peter,BB,13.25,-59.6167,77.56,78,0,5.21,clear sky
476,Lhokseumawe,ID,5.1801,97.1507,73.26,95,100,2.24,heavy intensity rain
477,Jinchang,CN,38.4953,102.1739,16.79,42,0,3.96,clear sky
478,Bahia Blanca,AR,-38.7196,-62.2724,72.28,38,0,4.0,clear sky
479,Aykhal,RU,66.0,111.5,-12.32,98,100,5.97,overcast clouds
480,Mount Gambier,AU,-37.8333,140.7667,54.61,72,27,13.89,scattered clouds
481,Sakaiminato,JP,35.55,133.2333,48.18,57,75,10.36,broken clouds
482,Pochutla,MX,15.7432,-96.4661,85.82,55,0,6.31,clear sky
483,Yaan,NG,7.3833,8.5667,79.11,21,89,1.52,overcast clouds
484,Guasdualito,VE,7.2424,-70.7324,87.76,62,20,4.61,few clouds
485,Roebourne,AU,-20.7833,117.1333,86.29,30,97,8.03,overcast clouds
486,Naze,JP,28.3667,129.4833,58.12,65,7,13.49,clear sky
487,Nampa,US,43.5407,-116.5635,41.83,92,100,8.05,light rain
488,Lewiston,US,44.1003,-70.2148,23.7,67,100,4.03,overcast clouds
489,Raga,SS,8.4596,25.678,71.69,20,1,4.74,clear sky
490,Tezu,IN,27.9167,96.1667,58.64,42,0,3.91,clear sky
491,Bijie,CN,27.3125,105.2942,38.44,89,100,3.15,overcast clouds
492,Lima,PE,-12.0432,-77.0282,71.85,64,0,13.8,clear sky
493,Mendeleyevo,RU,56.0333,37.2167,35.38,93,100,8.95,light rain
494,Vardo,NO,70.3705,31.1107,27.14,74,91,9.84,light snow
495,Mayor Pablo Lagerenza,PY,-19.9309,-60.7718,82.0,71,100,4.97,overcast clouds
496,Bereda,ES,43.2686,-7.5406,46.42,100,94,1.99,overcast clouds
497,Emmauss,RU,56.7805,36.115,26.15,95,100,18.88,light snow
498,Adrar,MR,20.5022,-10.0711,75.72,13,56,8.12,broken clouds
499,Murree,PK,33.9073,73.393,31.24,37,90,6.62,overcast clouds
500,Coronado,US,32.6859,-117.1831,56.79,94,100,13.8,mist
501,Manokwari,ID,-0.8667,134.0833,78.84,77,100,1.95,heavy intensity rain
502,Puerto Leguizamo,CO,-0.1934,-74.7819,80.28,70,100,0.81,overcast clouds
503,Jalalabad,AF,34.4265,70.4515,53.78,35,80,2.77,broken clouds
504,Plettenberg Bay,ZA,-34.0527,23.3716,68.38,98,85,10.83,overcast clouds
505,Comodoro Rivadavia,AR,-45.8667,-67.5,66.06,37,20,11.5,few clouds
506,Airai,TL,-8.9266,125.4092,61.92,77,100,1.9,overcast clouds
507,Bonthe,SL,7.5264,-12.505,79.79,82,100,6.93,light rain
508,Saint-Georges,GD,12.0564,-61.7485,82.08,61,20,2.3,few clouds
509,Hamburg,DE,53.55,10.0,29.98,85,100,2.3,overcast clouds
510,Rio Grande,BR,-32.035,-52.0986,89.71,75,1,14.5,clear sky
511,Safaga,EG,26.7292,33.9365,71.64,32,0,3.2,clear sky
512,Kadur,IN,13.5533,76.0131,66.18,99,97,3.58,overcast clouds
513,Sao Joao Da Barra,BR,-21.6403,-41.0511,84.29,89,13,2.01,few clouds
514,Celestun,MX,20.8667,-90.4,78.8,74,57,10.51,light rain
515,Lucapa,AO,-8.4192,20.7447,65.61,97,100,2.53,moderate rain
516,Lalmohan,BD,22.3384,90.7419,67.15,66,4,8.72,clear sky
517,Tilichiki,RU,60.4667,166.1,-10.53,99,98,6.26,overcast clouds
518,Astana,KZ,51.1801,71.446,-9.45,77,0,4.47,clear sky
519,Voyvozh,RU,62.892,54.9635,0.03,98,100,3.06,overcast clouds
520,Vale Da Amoreira,PT,39.0697,-7.6985,57.9,98,74,6.46,broken clouds
521,Nikki,BJ,9.9401,3.2108,75.7,18,23,4.52,few clouds
522,Hvolsvollur,IS,63.7533,-20.2243,25.63,57,0,6.49,clear sky
523,Lamar,US,33.6668,-95.5836,54.9,92,96,1.9,overcast clouds
524,Portland,US,45.5234,-122.6762,45.61,94,75,1.99,broken clouds
525,Pasni,PK,25.2631,63.471,72.73,55,29,7.05,scattered clouds
526,Algodones,MX,20.3888,-105.4773,76.14,64,2,7.45,clear sky
527,Kadoma,JP,34.7333,135.5833,49.98,75,20,6.91,few clouds
528,Tete,MZ,-16.1564,33.5867,86.09,54,20,8.05,few clouds
529,Talcahuano,CL,-36.7167,-73.1167,69.48,56,0,23.02,clear sky
530,Faya,SA,18.3851,42.4509,51.91,68,0,3.85,clear sky
531,Uribia,CO,11.7139,-72.266,81.59,62,75,12.37,broken clouds
532,Miquelon,PM,47.0975,-56.3814,26.6,59,42,14.58,scattered clouds
533,Tucumcari,US,35.1717,-103.725,65.95,25,0,17.02,clear sky
534,Yamethin,MM,20.4333,96.15,65.1,77,9,2.28,clear sky
535,Husavik,IS,66.0449,-17.3389,22.33,86,11,13.2,few clouds
536,Kirakira,SB,-10.4544,161.9205,82.13,78,100,5.68,overcast clouds
537,Rodrigues Alves,BR,-7.738,-72.6509,73.6,71,100,5.26,heavy intensity rain
538,Sarapul,RU,56.4763,53.7978,24.28,95,100,14.72,snow
539,Apache Junction,US,33.4151,-111.5496,70.84,24,0,8.01,clear sky
540,Tokmak,UA,47.2514,35.7058,50.41,76,100,17.47,overcast clouds
541,Xining,CN,36.6167,101.7667,12.65,74,18,3.02,few clouds
542,Seymchan,RU,62.8833,152.4333,-51.12,98,99,0.25,overcast clouds
543,Santiago De Cao,PE,-7.9589,-79.2392,71.73,78,40,9.22,fog
544,Port Moresby,PG,-9.4431,147.1797,76.42,94,100,5.75,haze
545,Kralendijk,BQ,12.15,-68.2667,79.14,72,3,14.34,clear sky
546,Serebryansk,KZ,49.6925,83.2892,5.58,97,100,4.81,light snow
547,Sept-Iles,CA,50.2001,-66.3821,10.06,62,20,5.75,few clouds
548,Dombarovskiy,RU,50.7587,59.5386,3.9,75,12,7.27,few clouds
549,Tamasopo,MX,21.9333,-99.4833,69.08,71,0,6.6,clear sky
550,Garowe,SO,8.4054,48.4845,68.67,67,9,13.73,clear sky
551,Senador Jose Porfirio,BR,-2.5908,-51.9542,80.65,72,100,1.72,overcast clouds
552,Broken Hill,AU,-31.95,141.4333,58.84,46,0,24.99,clear sky
553,Traverse City,US,44.7631,-85.6206,35.8,90,100,0.0,mist
554,Fortuna,US,40.5982,-124.1573,47.66,81,40,9.22,scattered clouds
555,Mendi,PG,-6.1761,143.6513,60.24,89,100,0.81,overcast clouds
556,Villazon,BO,-22.0866,-65.5942,58.01,53,98,9.4,overcast clouds
557,Margate,GB,51.3813,1.3862,41.9,91,100,5.01,snow
558,Khorixas,NA,-20.3667,14.9667,61.48,53,40,6.91,scattered clouds
559,Zharkovskiy,RU,55.849,32.2697,32.09,97,100,12.33,light snow
560,Dicabisagan,PH,17.0818,122.4157,73.89,88,100,5.41,overcast clouds
561,Tupik,RU,54.4253,119.9327,-6.09,99,100,4.03,light snow
562,Milkovo,RU,54.7167,158.6167,-1.43,98,100,1.79,overcast clouds
563,North Bend,US,43.4065,-124.2243,50.23,99,44,5.19,scattered clouds
564,Port Blair,IN,11.6667,92.75,78.42,81,41,7.58,scattered clouds
565,Reftinskiy,RU,57.0901,61.6769,21.61,94,100,10.45,light snow
566,Djambala,CG,-2.5447,14.7533,68.23,90,100,3.96,moderate rain
567,Lotofaga,WS,-13.9764,-171.8578,85.78,73,93,7.38,overcast clouds
568,Catuday,PH,16.2923,119.8062,77.31,74,100,2.01,overcast clouds
569,Kenai,US,60.5544,-151.2583,26.69,94,100,6.91,snow
570,Peking,CN,39.9075,116.3972,35.49,16,0,12.95,clear sky
571,Katherine,AU,-14.4667,132.2667,82.72,74,40,4.61,scattered clouds
572,Grand Baie,MU,-20.0182,57.5802,76.44,71,6,4.0,clear sky
573,Vanimo,PG,-2.6741,141.3028,78.04,90,100,3.6,overcast clouds
574,Avera,US,33.194,-82.5271,56.71,88,100,5.35,overcast clouds
575,Revelstoke,CA,50.9832,-118.2023,32.02,93,100,2.3,overcast clouds
576,Hualmay,PE,-11.0964,-77.6139,69.89,79,98,6.73,overcast clouds
577,Korla,CN,41.7597,86.1469,15.84,59,6,3.6,clear sky
578,Corbelia,BR,-24.7989,-53.3067,74.55,84,91,4.9,moderate rain
579,The Pas,CA,53.8251,-101.2541,23.02,93,100,20.71,mist
580,Alice Springs,AU,-23.7,133.8833,69.35,60,100,14.97,overcast clouds
581,Vao,NC,-22.6667,167.4833,76.98,68,56,13.89,broken clouds
582,Amaigbo,NG,5.7892,7.8383,75.45,71,53,6.15,broken clouds
583,Gambela,ET,8.25,34.5833,78.55,67,76,2.59,broken clouds
584,Baykit,RU,61.67,96.37,-14.62,94,100,3.8,overcast clouds
585,Qurayyat,SA,31.3318,37.3428,48.38,71,0,5.75,clear sky
586,Shangrao,CN,28.4532,117.9686,45.54,73,98,1.86,overcast clouds
587,Soufriere,LC,13.8562,-61.0566,80.26,69,20,8.05,few clouds
588,Iguape,BR,-24.7081,-47.5553,74.61,93,88,6.96,overcast clouds
589,Sairang,IN,23.8,92.6667,55.17,89,0,2.68,clear sky
590,Si Chiang Mai,TH,17.9564,102.5867,63.77,84,95,3.58,overcast clouds
591,Yamada,JP,39.4667,141.95,33.89,70,4,6.82,clear sky
592,Zhezkazgan,KZ,47.8043,67.7144,4.64,78,0,6.85,clear sky
593,Kaili,ID,-3.4626,120.2147,67.84,95,100,2.08,light rain
594,Kalabo,ZM,-14.97,22.6814,66.33,90,62,3.15,light rain
595,Burnie,AU,-41.0667,145.9167,59.94,66,98,12.5,overcast clouds
596,Guerrero Negro,MX,27.9769,-114.0611,65.57,54,93,12.53,overcast clouds
597,Preobrazheniye,RU,42.9019,133.9064,20.64,48,12,3.49,few clouds
598,Half Moon Bay,US,37.4636,-122.4286,55.15,72,20,8.05,few clouds
599,Kormend,HU,47.011,16.606,30.33,68,100,5.88,overcast clouds
600,Owando,CG,-0.4819,15.8999,73.89,82,19,1.01,light rain
601,Fuerte Olimpo,PY,-21.0415,-57.8738,83.73,66,100,3.96,overcast clouds
602,Ola,RU,59.5833,151.2833,-15.5,95,85,7.2,overcast clouds
603,Petrovsk-Zabaykalskiy,RU,51.273,108.843,-4.97,85,100,15.35,overcast clouds
604,Sao Miguel Do Araguaia,BR,-13.275,-50.1628,77.18,76,80,2.33,broken clouds
605,Alofi,NU,-19.0595,-169.9187,78.22,74,99,26.31,overcast clouds
606,Acapulco,MX,16.8634,-99.8901,82.99,63,1,8.61,clear sky
607,Waingapu,ID,-9.6567,120.2641,78.94,80,93,1.81,overcast clouds
608,Arman,RU,59.7,150.1667,-21.1,92,44,8.21,scattered clouds
609,Qinhuangdao,CN,39.9317,119.5883,28.54,43,76,9.04,broken clouds
610,Tumbagaan,PH,5.3656,120.3139,80.29,81,100,11.83,overcast clouds
611,Sertolovo,RU,60.1444,30.2017,19.08,87,100,14.9,overcast clouds
612,Evensk,RU,61.95,159.2333,-9.4,86,90,7.76,overcast clouds
613,Springbok,ZA,-29.6643,17.8865,63.0,84,15,1.83,few clouds
614,Kalmunai,LK,7.4167,81.8167,74.61,88,88,3.91,overcast clouds
615,Gasa,PS,31.5,34.4667,65.91,50,100,5.84,overcast clouds
616,Chokwe,MZ,-24.5333,32.9833,73.99,91,95,5.1,light rain
617,Isla Vista,US,34.4133,-119.861,57.99,61,75,13.8,broken clouds
618,Winneba,GH,5.3511,-0.6231,79.39,86,93,8.37,overcast clouds
619,Port Augusta,AU,-32.5,137.7667,60.35,46,1,20.69,clear sky
620,Caruaru,BR,-8.2833,-35.9761,73.18,79,18,10.78,few clouds
621,Ewa Beach,US,21.3156,-158.0072,81.43,62,100,23.22,overcast clouds
622,Praia,CV,14.9215,-23.5087,75.27,85,0,14.0,clear sky
623,Ayagoz,KZ,47.9714,80.4392,-0.47,83,91,1.97,overcast clouds
624,Ayame,CI,5.6083,-3.1563,75.69,90,45,3.24,scattered clouds
625,Luan,CH,46.3592,6.9759,20.03,88,23,5.77,few clouds
626,Chipinge,ZW,-20.1883,32.6236,64.42,83,6,5.35,clear sky
627,Itarema,BR,-2.9248,-39.9167,80.04,76,7,16.02,clear sky
628,Leshukonskoye,RU,64.8989,45.7622,-25.76,100,96,1.52,overcast clouds
629,Putina,PE,-15.4667,-69.4333,51.76,60,100,14.25,overcast clouds
630,Lusambo,CD,-4.9667,23.45,71.26,93,96,0.94,light rain
631,Bonanza,NI,14.0289,-84.591,75.47,85,44,2.01,scattered clouds
632,San Antonio,US,29.4241,-98.4936,75.31,62,0,9.22,clear sky
633,Tankhoy,RU,51.5528,105.1306,4.28,87,100,19.33,light snow
634,Viedma,AR,-40.8135,-62.9967,76.48,16,8,14.27,clear sky
635,Rabo De Peixe,PT,37.8,-25.5833,65.28,100,40,20.71,light rain
636,Aracatuba,BR,-21.2089,-50.4328,74.08,89,96,4.9,overcast clouds
637,Moba,CN,33.2288,105.0179,20.82,57,31,5.59,scattered clouds
638,Ellensburg,US,46.9965,-120.5479,41.09,90,75,3.44,mist
639,George,ZA,-33.963,22.4617,67.55,100,100,6.91,overcast clouds
640,Aginskoye,RU,51.1,114.53,3.02,65,100,24.27,overcast clouds
641,Karratha,AU,-20.7377,116.8463,84.2,34,87,10.92,overcast clouds
642,Havoysund,NO,70.9963,24.6622,21.43,80,34,11.16,scattered clouds
643,Alugan,PH,12.2188,125.4808,75.97,90,100,3.47,overcast clouds
644,Porbandar,IN,21.6422,69.6093,71.28,45,3,10.27,clear sky
645,Hinton,CA,53.4001,-117.5857,9.12,89,78,2.89,broken clouds
646,Morro Bay,US,35.3658,-120.8499,54.5,76,67,1.01,broken clouds
647,Kokopo,PG,-4.352,152.2633,80.76,78,49,3.74,light rain
648,Falun,SE,60.6036,15.626,9.01,97,38,3.47,scattered clouds
649,Mizdah,LY,31.4451,12.9801,58.28,45,100,12.71,overcast clouds
650,Tocopilla,CL,-22.092,-70.1979,69.96,67,84,4.23,broken clouds
651,Ritchie,ZA,-29.038,24.6028,72.61,63,100,13.73,overcast clouds
652,Maragogi,BR,-9.0122,-35.2225,77.99,82,11,7.76,few clouds
653,General Roca,AR,-39.0333,-67.5833,83.62,29,0,24.09,clear sky
654,Tuapse,RU,44.1125,39.0742,53.83,63,99,8.12,overcast clouds
655,Hamilton,US,39.1834,-84.5333,45.23,72,100,10.36,overcast clouds
656,Williston,US,48.147,-103.618,22.8,84,42,1.99,scattered clouds
657,Sorong,ID,-0.8833,131.25,78.35,83,91,3.31,overcast clouds
658,Cherepovets,RU,59.1333,37.9,15.62,91,100,13.91,light snow
659,Ixtapa,MX,20.7,-105.2,80.22,75,2,3.0,clear sky
660,Svetlyy,RU,54.675,20.1347,30.96,85,100,15.55,overcast clouds
661,Powell River,CA,49.8496,-124.5361,45.09,91,99,7.61,overcast clouds
662,Bording,DK,56.1465,9.2753,28.27,80,100,6.91,overcast clouds
663,Potchefstroom,ZA,-26.7167,27.1,67.39,75,100,2.84,light rain
664,Warmbad,NA,-28.45,18.7333,70.83,56,2,13.15,clear sky
665,Veraval,IN,20.9,70.3667,71.76,39,0,10.29,clear sky
666,Bandrele,YT,-12.9067,45.1914,82.15,78,75,9.22,broken clouds
667,Marzuq,YE,14.4,46.4667,60.19,61,0,2.37,clear sky
668,Tambura,SS,5.6,27.4667,81.12,28,79,4.38,broken clouds
669,Ishigaki,JP,24.3448,124.1572,69.93,83,75,23.02,broken clouds
670,Fare,PF,-16.7,-151.0167,79.25,75,100,14.9,moderate rain
671,Awbari,LY,26.5921,12.7805,66.15,41,0,6.4,clear sky
672,Ponta Delgada,PT,37.7333,-25.6667,66.51,94,40,20.71,light rain
673,Khandbari,NP,27.3747,87.2039,53.22,50,0,3.04,clear sky
674,Tutoia,BR,-2.7619,-42.2744,80.51,81,55,12.8,broken clouds
675,Ladybrand,ZA,-29.1945,27.4574,61.5,84,100,4.36,overcast clouds
676,Goure,NE,13.9835,10.2704,67.37,18,47,9.46,scattered clouds
677,Les Cayes,HT,18.2,-73.75,79.23,66,52,4.85,broken clouds
678,Ikalamavony,MG,-21.15,46.5833,70.34,76,55,4.7,broken clouds
679,Moindou,NC,-21.6924,165.677,80.62,72,11,9.06,few clouds
680,Krasnovishersk,RU,60.4078,57.082,9.91,96,100,3.33,light snow
681,Sosnovo-Ozerskoye,RU,52.5249,111.5418,-6.95,73,57,17.49,broken clouds
682,Adzope,CI,6.1069,-3.8619,75.29,87,90,2.68,overcast clouds
683,Piaseczno,PL,52.0814,21.024,26.65,92,75,10.36,light snow
684,Ouadda,CF,8.0777,22.4007,68.38,21,0,5.28,clear sky
685,Ndele,CF,8.4109,20.6473,71.35,18,0,4.72,clear sky
686,Davila,PH,18.4726,120.5763,75.94,81,100,11.05,overcast clouds
687,Porto Novo,BJ,6.4965,2.6036,80.17,83,8,8.5,clear sky
688,Oranjestad,AW,12.524,-70.027,80.91,68,17,3.0,few clouds
